parent_sku,format,qty_available,highest_bid,least_listing_price,last_bbx_transaction,market_price,has_already_bidded,name,product_url,family_type,maturity,colour,country,region,subregion,grape_varieties,vintage,sweetness,producer,sku,alcohol_percentage,case_size,bottle_volume,bottle_order_unit,bbx_listing_id,bbx_listing_date
20058029652,01-01500,24,200,275,0,0.0,False,"2005 Gran Reserva 890, Selección Especial, La Rioja Alta, Rioja, Spain",/products-20058029652-2005-gran-reserva-890-seleccion-especial-la-rioja-alta-rioja-spain,Wines,Ready - at best,Red,Spain,Rioja,Rioja Alta,['Tempranillo'],2005,Dry,La Rioja Alta,2005-01-01500-G1-8029652,['13.5'],1,150 cl,Magnum,37447,2025-06-28
20058029652,06-00750,491,555,600,570,0.0,False,"2005 Gran Reserva 890, Selección Especial, La Rioja Alta, Rioja, Spain",/products-20058029652-2005-gran-reserva-890-seleccion-especial-la-rioja-alta-rioja-spain,Wines,Ready - at best,Red,Spain,Rioja,Rioja Alta,['Tempranillo'],2005,Dry,La Rioja Alta,2005-01-01500-G1-8029652,['13.5'],1,150 cl,Magnum,37447,2025-06-28
20078137441,06-00750,15,0,450,0,440.0,False,"2007 Champagne Gosset, Célébris, Extra Brut",/products-20078137441-2007-champagne-gosset-celebris-extra-brut,Wines,Ready - mature,White,France,Champagne,,,2007,Dry,Gosset,2007-06-00750-G1-8137441,['12'],6,75 cl,Bottle,37448,2025-06-28
20098008596,01-01500,12,300,0,0,400.0,False,"2009 Sassicaia, Tenuta San Guido, Bolgheri Sassicaia, Tuscany, Italy",/products-20098008596-2009-sassicaia-tenuta-san-guido-bolgheri-sassicaia-tuscany-italy,Wines,Ready - youthful,Red,Italy,Tuscany,Bolgheri Sassicaia,"['Cabernet Franc', 'Cabernet Sauvignon']",2009,Dry,Sassicaia,2009-06-00750-02-8008596,['14'],6,75 cl,Bottle,37437,2025-06-28
20098008596,01-03000,1,595,0,0,800.0,False,"2009 Sassicaia, Tenuta San Guido, Bolgheri Sassicaia, Tuscany, Italy",/products-20098008596-2009-sassicaia-tenuta-san-guido-bolgheri-sassicaia-tuscany-italy,Wines,Ready - youthful,Red,Italy,Tuscany,Bolgheri Sassicaia,"['Cabernet Franc', 'Cabernet Sauvignon']",2009,Dry,Sassicaia,2009-06-00750-02-8008596,['14'],6,75 cl,Bottle,37437,2025-06-28
20098008596,01-06000,1,1230,0,0,1600.0,False,"2009 Sassicaia, Tenuta San Guido, Bolgheri Sassicaia, Tuscany, Italy",/products-20098008596-2009-sassicaia-tenuta-san-guido-bolgheri-sassicaia-tuscany-italy,Wines,Ready - youthful,Red,Italy,Tuscany,Bolgheri Sassicaia,"['Cabernet Franc', 'Cabernet Sauvignon']",2009,Dry,Sassicaia,2009-06-00750-02-8008596,['14'],6,75 cl,Bottle,37437,2025-06-28
20098008596,06-00750,90,1215,1480,1225,1200.0,False,"2009 Sassicaia, Tenuta San Guido, Bolgheri Sassicaia, Tuscany, Italy",/products-20098008596-2009-sassicaia-tenuta-san-guido-bolgheri-sassicaia-tuscany-italy,Wines,Ready - youthful,Red,Italy,Tuscany,Bolgheri Sassicaia,"['Cabernet Franc', 'Cabernet Sauvignon']",2009,Dry,Sassicaia,2009-06-00750-02-8008596,['14'],6,75 cl,Bottle,37437,2025-06-28
20098008596,12-00375,2,920,0,0,1200.0,False,"2009 Sassicaia, Tenuta San Guido, Bolgheri Sassicaia, Tuscany, Italy",/products-20098008596-2009-sassicaia-tenuta-san-guido-bolgheri-sassicaia-tuscany-italy,Wines,Ready - youthful,Red,Italy,Tuscany,Bolgheri Sassicaia,"['Cabernet Franc', 'Cabernet Sauvignon']",2009,Dry,Sassicaia,2009-06-00750-02-8008596,['14'],6,75 cl,Bottle,37437,2025-06-28
20098008596,12-00750,14,0,0,0,2400.0,False,"2009 Sassicaia, Tenuta San Guido, Bolgheri Sassicaia, Tuscany, Italy",/products-20098008596-2009-sassicaia-tenuta-san-guido-bolgheri-sassicaia-tuscany-italy,Wines,Ready - youthful,Red,Italy,Tuscany,Bolgheri Sassicaia,"['Cabernet Franc', 'Cabernet Sauvignon']",2009,Dry,Sassicaia,2009-06-00750-02-8008596,['14'],6,75 cl,Bottle,37437,2025-06-28
20101152566,06-00750,1132,170,175,175,165.0,False,"2010 Viña Tondonia Tinto, Reserva, Bodegas R. López de Heredia, Rioja, Spain",/products-20101152566-2010-vina-tondonia-tinto-reserva-bodegas-r-lopez-de-heredia-rioja-spain,Wines,Ready - youthful,Red,Spain,Rioja,Rioja Alta,['Tempranillo'],2010,Dry,Bodegas R. López de Heredia,2010-06-00750-00-1152566,['13'],6,75 cl,Bottle,37442,2025-06-28
20101152566,06-01500,182,330,350,0,330.0,False,"2010 Viña Tondonia Tinto, Reserva, Bodegas R. López de Heredia, Rioja, Spain",/products-20101152566-2010-vina-tondonia-tinto-reserva-bodegas-r-lopez-de-heredia-rioja-spain,Wines,Ready - youthful,Red,Spain,Rioja,Rioja Alta,['Tempranillo'],2010,Dry,Bodegas R. López de Heredia,2010-06-00750-00-1152566,['13'],6,75 cl,Bottle,37442,2025-06-28
20101152566,12-00375,61,125,0,0,165.0,False,"2010 Viña Tondonia Tinto, Reserva, Bodegas R. López de Heredia, Rioja, Spain",/products-20101152566-2010-vina-tondonia-tinto-reserva-bodegas-r-lopez-de-heredia-rioja-spain,Wines,Ready - youthful,Red,Spain,Rioja,Rioja Alta,['Tempranillo'],2010,Dry,Bodegas R. López de Heredia,2010-06-00750-00-1152566,['13'],6,75 cl,Bottle,37442,2025-06-28
20128004309,01-06000,1,980,1350,0,1386.67,False,"2012 Château Palmer, Margaux, Bordeaux",/products-20128004309-2012-chateau-palmer-margaux-bordeaux,Wines,Ready - youthful,Red,France,Bordeaux,Médoc,"['Cabernet Sauvignon', 'Merlot', 'Petit Verdot']",2012,Dry,Château Palmer,2012-06-00750-00-8004309,['13.5'],6,75 cl,Bottle,37457,2025-06-28
20128004309,03-00750,99,495,620,615,520.0,False,"2012 Château Palmer, Margaux, Bordeaux",/products-20128004309-2012-chateau-palmer-margaux-bordeaux,Wines,Ready - youthful,Red,France,Bordeaux,Médoc,"['Cabernet Sauvignon', 'Merlot', 'Petit Verdot']",2012,Dry,Château Palmer,2012-06-00750-00-8004309,['13.5'],6,75 cl,Bottle,37457,2025-06-28
20128004309,03-01500,18,735,0,0,1040.0,False,"2012 Château Palmer, Margaux, Bordeaux",/products-20128004309-2012-chateau-palmer-margaux-bordeaux,Wines,Ready - youthful,Red,France,Bordeaux,Médoc,"['Cabernet Sauvignon', 'Merlot', 'Petit Verdot']",2012,Dry,Château Palmer,2012-06-00750-00-8004309,['13.5'],6,75 cl,Bottle,37457,2025-06-28
20128004309,06-00750,235,910,998,915,1040.0,False,"2012 Château Palmer, Margaux, Bordeaux",/products-20128004309-2012-chateau-palmer-margaux-bordeaux,Wines,Ready - youthful,Red,France,Bordeaux,Médoc,"['Cabernet Sauvignon', 'Merlot', 'Petit Verdot']",2012,Dry,Château Palmer,2012-06-00750-00-8004309,['13.5'],6,75 cl,Bottle,37457,2025-06-28
20138032892,06-00750,3,0,200,200,315.0,False,"2013 Trasnocho, Bodegas F. Remírez de Ganuza, Rioja, Spain",/products-20138032892-2013-trasnocho-bodegas-f-remirez-de-ganuza-rioja-spain,Wines,Ready - at best,Red,Spain,Rioja,Rioja Alavesa,['Tempranillo'],2013,Dry,Bodegas Remírez de Ganuza,2013-06-00750-G1-8032892,['14.5'],6,75 cl,Bottle,37452,2025-06-28
20148032892,06-00750,2,0,300,0,290.0,False,"2014 Trasnocho, Bodegas F. Remírez de Ganuza, Rioja, Spain",/products-20148032892-2014-trasnocho-bodegas-f-remirez-de-ganuza-rioja-spain,Wines,Ready - at best,Red,Spain,Rioja,Rioja Alavesa,['Tempranillo'],2014,Dry,Bodegas Remírez de Ganuza,2014-06-00750-G1-8032892,['14.5'],6,75 cl,Bottle,37451,2025-06-28
20158010595,01-00750,1,46,0,0,65.0,False,"2015 Château Clinet, Pomerol, Bordeaux",/products-20158010595-2015-chateau-clinet-pomerol-bordeaux,Wines,Ready - youthful,Red,France,Bordeaux,Libournais,"['Cabernet Sauvignon', 'Cabernet Franc', 'Merlot']",2015,Dry,Château Clinet,2015-06-00750-00-8010595,['14'],6,75 cl,Bottle,37455,2025-06-28
20158010595,03-01500,18,355,625,0,390.0,False,"2015 Château Clinet, Pomerol, Bordeaux",/products-20158010595-2015-chateau-clinet-pomerol-bordeaux,Wines,Ready - youthful,Red,France,Bordeaux,Libournais,"['Cabernet Sauvignon', 'Cabernet Franc', 'Merlot']",2015,Dry,Château Clinet,2015-06-00750-00-8010595,['14'],6,75 cl,Bottle,37455,2025-06-28
20158010595,06-00750,158,273,460,0,390.0,False,"2015 Château Clinet, Pomerol, Bordeaux",/products-20158010595-2015-chateau-clinet-pomerol-bordeaux,Wines,Ready - youthful,Red,France,Bordeaux,Libournais,"['Cabernet Sauvignon', 'Cabernet Franc', 'Merlot']",2015,Dry,Château Clinet,2015-06-00750-00-8010595,['14'],6,75 cl,Bottle,37455,2025-06-28
20158117542,01-01500,32,85,135,120,116.67,False,"2015 Galatrona, Val d’Arno di Sopra, Petrolo, Tuscany, Italy",/products-20158117542-2015-galatrona-val-d-arno-di-sopra-petrolo-tuscany-italy,Wines,Ready - youthful,Red,Italy,Tuscany,Val d’Arno di Sopra,['Merlot'],2015,Dry,Petrolo,2015-01-01500-00-8117542,['13.5'],1,150 cl,Magnum,37446,2025-06-28
20158117542,01-03000,10,0,278,200,233.33,False,"2015 Galatrona, Val d’Arno di Sopra, Petrolo, Tuscany, Italy",/products-20158117542-2015-galatrona-val-d-arno-di-sopra-petrolo-tuscany-italy,Wines,Ready - youthful,Red,Italy,Tuscany,Val d’Arno di Sopra,['Merlot'],2015,Dry,Petrolo,2015-01-01500-00-8117542,['13.5'],1,150 cl,Magnum,37446,2025-06-28
20158117542,01-06000,4,0,0,0,466.67,False,"2015 Galatrona, Val d’Arno di Sopra, Petrolo, Tuscany, Italy",/products-20158117542-2015-galatrona-val-d-arno-di-sopra-petrolo-tuscany-italy,Wines,Ready - youthful,Red,Italy,Tuscany,Val d’Arno di Sopra,['Merlot'],2015,Dry,Petrolo,2015-01-01500-00-8117542,['13.5'],1,150 cl,Magnum,37446,2025-06-28
20158117542,06-00750,193,285,0,0,350.0,False,"2015 Galatrona, Val d’Arno di Sopra, Petrolo, Tuscany, Italy",/products-20158117542-2015-galatrona-val-d-arno-di-sopra-petrolo-tuscany-italy,Wines,Ready - youthful,Red,Italy,Tuscany,Val d’Arno di Sopra,['Merlot'],2015,Dry,Petrolo,2015-01-01500-00-8117542,['13.5'],1,150 cl,Magnum,37446,2025-06-28
20151019461,06-00750,26,0,1400,0,1200.0,False,"2015 Chambolle-Musigny, Les Baudes, 1er Cru, Domaine Ghislaine Barthod, Burgundy",/products-20151019461-2015-chambolle-musigny-les-baudes-1er-cru-domaine-ghislaine-barthod-burgundy,Wines,Ready - youthful,Red,France,Burgundy,Côte de Nuits,['Pinot Noir'],2015,Dry,Domaine Ghislaine Barthod,2015-06-00750-00-1019461,['13.5'],6,75 cl,Bottle,37456,2025-06-28
20168029203,01-01500,17,610,0,0,867.0,False,"2016 Barolo, Le Rocche del Falletto, Riserva, Bruno Giacosa, Piedmont, Italy",/products-20168029203-2016-barolo-le-rocche-del-falletto-riserva-bruno-giacosa-piedmont-italy,Wines,Ready - youthful,Red,Italy,Piedmont,Barolo,['Nebbiolo'],2016,Dry,Bruno Giacosa,2016-06-00750-00-8029203,['15'],6,75 cl,Bottle,37438,2025-06-28
20168029203,01-03000,3,1215,0,0,1734.0,False,"2016 Barolo, Le Rocche del Falletto, Riserva, Bruno Giacosa, Piedmont, Italy",/products-20168029203-2016-barolo-le-rocche-del-falletto-riserva-bruno-giacosa-piedmont-italy,Wines,Ready - youthful,Red,Italy,Piedmont,Barolo,['Nebbiolo'],2016,Dry,Bruno Giacosa,2016-06-00750-00-8029203,['15'],6,75 cl,Bottle,37438,2025-06-28
20168029203,03-01500,8,1820,0,0,2601.0,False,"2016 Barolo, Le Rocche del Falletto, Riserva, Bruno Giacosa, Piedmont, Italy",/products-20168029203-2016-barolo-le-rocche-del-falletto-riserva-bruno-giacosa-piedmont-italy,Wines,Ready - youthful,Red,Italy,Piedmont,Barolo,['Nebbiolo'],2016,Dry,Bruno Giacosa,2016-06-00750-00-8029203,['15'],6,75 cl,Bottle,37438,2025-06-28
20168029203,06-00750,106,1860,2850,1900,2601.0,False,"2016 Barolo, Le Rocche del Falletto, Riserva, Bruno Giacosa, Piedmont, Italy",/products-20168029203-2016-barolo-le-rocche-del-falletto-riserva-bruno-giacosa-piedmont-italy,Wines,Ready - youthful,Red,Italy,Piedmont,Barolo,['Nebbiolo'],2016,Dry,Bruno Giacosa,2016-06-00750-00-8029203,['15'],6,75 cl,Bottle,37438,2025-06-28
20161013153,01-06000,2,180,500,0,216.67,False,"2016 Château Meyney, St Estèphe, Bordeaux",/products-20161013153-2016-chateau-meyney-st-estephe-bordeaux,Wines,Ready - youthful,Red,France,Bordeaux,Médoc,"['Cabernet Sauvignon', 'Merlot', 'Petit Verdot']",2016,Dry,Château Meyney,2016-06-00750-00-1013153,['14'],6,75 cl,Bottle,37439,2025-06-28
20161013153,03-01500,9,120,0,0,162.5,False,"2016 Château Meyney, St Estèphe, Bordeaux",/products-20161013153-2016-chateau-meyney-st-estephe-bordeaux,Wines,Ready - youthful,Red,France,Bordeaux,Médoc,"['Cabernet Sauvignon', 'Merlot', 'Petit Verdot']",2016,Dry,Château Meyney,2016-06-00750-00-1013153,['14'],6,75 cl,Bottle,37439,2025-06-28
20161013153,06-00750,469,145,160,155,162.5,False,"2016 Château Meyney, St Estèphe, Bordeaux",/products-20161013153-2016-chateau-meyney-st-estephe-bordeaux,Wines,Ready - youthful,Red,France,Bordeaux,Médoc,"['Cabernet Sauvignon', 'Merlot', 'Petit Verdot']",2016,Dry,Château Meyney,2016-06-00750-00-1013153,['14'],6,75 cl,Bottle,37439,2025-06-28
20161013153,06-01500,1,175,0,0,325.0,False,"2016 Château Meyney, St Estèphe, Bordeaux",/products-20161013153-2016-chateau-meyney-st-estephe-bordeaux,Wines,Ready - youthful,Red,France,Bordeaux,Médoc,"['Cabernet Sauvignon', 'Merlot', 'Petit Verdot']",2016,Dry,Château Meyney,2016-06-00750-00-1013153,['14'],6,75 cl,Bottle,37439,2025-06-28
20161013153,12-00750,28,260,0,305,325.0,False,"2016 Château Meyney, St Estèphe, Bordeaux",/products-20161013153-2016-chateau-meyney-st-estephe-bordeaux,Wines,Ready - youthful,Red,France,Bordeaux,Médoc,"['Cabernet Sauvignon', 'Merlot', 'Petit Verdot']",2016,Dry,Château Meyney,2016-06-00750-00-1013153,['14'],6,75 cl,Bottle,37439,2025-06-28
20168057099,06-00750,27,0,460,0,618.0,False,"2016 Barolo, Enrico VI, Cordero di Montezemolo, Piedmont, Italy",/products-20168057099-2016-barolo-enrico-vi-cordero-di-montezemolo-piedmont-italy,Wines,Ready - at best,Red,Italy,Piedmont,Barolo,['Nebbiolo'],2016,Dry,Cordero di Montezemolo,2016-06-00750-00-8057099,['15'],6,75 cl,Bottle,37458,2025-06-28
20171595556,12-00750,124,380,400,425,450.0,False,"2017 Occidental, Freestone-Occidental Pinot Noir, Sonoma Coast, California, USA",/products-20171595556-2017-occidental-freestone-occidental-pinot-noir-sonoma-coast-california-usa,Wines,Ready - at best,Red,USA,California,North Coast,['Pinot Noir'],2017,Dry,Occidental,2017-12-00750-00-1595556,['14'],12,75 cl,Bottle,37440,2025-06-28
20188008857,01-00750,1,350,0,0,426.17,False,"2018 Château Lafite Rothschild, Pauillac, Bordeaux",/products-20188008857-2018-chateau-lafite-rothschild-pauillac-bordeaux,Wines,Not ready,Red,France,Bordeaux,Médoc,"['Petit Verdot', 'Cabernet Sauvignon', 'Merlot']",2018,Dry,Château Lafite Rothschild,2018-06-00750-G1-8008857,['13.5'],6,75 cl,Bottle,37453,2025-06-28
20188008857,01-01500,2,755,0,0,852.33,False,"2018 Château Lafite Rothschild, Pauillac, Bordeaux",/products-20188008857-2018-chateau-lafite-rothschild-pauillac-bordeaux,Wines,Not ready,Red,France,Bordeaux,Médoc,"['Petit Verdot', 'Cabernet Sauvignon', 'Merlot']",2018,Dry,Château Lafite Rothschild,2018-06-00750-G1-8008857,['13.5'],6,75 cl,Bottle,37453,2025-06-28
20188008857,01-03000,10,1148,3569,0,1704.67,False,"2018 Château Lafite Rothschild, Pauillac, Bordeaux",/products-20188008857-2018-chateau-lafite-rothschild-pauillac-bordeaux,Wines,Not ready,Red,France,Bordeaux,Médoc,"['Petit Verdot', 'Cabernet Sauvignon', 'Merlot']",2018,Dry,Château Lafite Rothschild,2018-06-00750-G1-8008857,['13.5'],6,75 cl,Bottle,37453,2025-06-28
20188008857,01-06000,5,3000,0,0,3409.33,False,"2018 Château Lafite Rothschild, Pauillac, Bordeaux",/products-20188008857-2018-chateau-lafite-rothschild-pauillac-bordeaux,Wines,Not ready,Red,France,Bordeaux,Médoc,"['Petit Verdot', 'Cabernet Sauvignon', 'Merlot']",2018,Dry,Château Lafite Rothschild,2018-06-00750-G1-8008857,['13.5'],6,75 cl,Bottle,37453,2025-06-28
20188008857,03-00750,428,1205,1400,1300,1278.5,False,"2018 Château Lafite Rothschild, Pauillac, Bordeaux",/products-20188008857-2018-chateau-lafite-rothschild-pauillac-bordeaux,Wines,Not ready,Red,France,Bordeaux,Médoc,"['Petit Verdot', 'Cabernet Sauvignon', 'Merlot']",2018,Dry,Château Lafite Rothschild,2018-06-00750-G1-8008857,['13.5'],6,75 cl,Bottle,37453,2025-06-28
20188008857,03-01500,51,1800,3998,0,2557.0,False,"2018 Château Lafite Rothschild, Pauillac, Bordeaux",/products-20188008857-2018-chateau-lafite-rothschild-pauillac-bordeaux,Wines,Not ready,Red,France,Bordeaux,Médoc,"['Petit Verdot', 'Cabernet Sauvignon', 'Merlot']",2018,Dry,Château Lafite Rothschild,2018-06-00750-G1-8008857,['13.5'],6,75 cl,Bottle,37453,2025-06-28
20188008857,06-00750,461,2310,2500,2400,2557.0,False,"2018 Château Lafite Rothschild, Pauillac, Bordeaux",/products-20188008857-2018-chateau-lafite-rothschild-pauillac-bordeaux,Wines,Not ready,Red,France,Bordeaux,Médoc,"['Petit Verdot', 'Cabernet Sauvignon', 'Merlot']",2018,Dry,Château Lafite Rothschild,2018-06-00750-G1-8008857,['13.5'],6,75 cl,Bottle,37453,2025-06-28
20188008857,12-00375,1,1798,0,0,2557.0,False,"2018 Château Lafite Rothschild, Pauillac, Bordeaux",/products-20188008857-2018-chateau-lafite-rothschild-pauillac-bordeaux,Wines,Not ready,Red,France,Bordeaux,Médoc,"['Petit Verdot', 'Cabernet Sauvignon', 'Merlot']",2018,Dry,Château Lafite Rothschild,2018-06-00750-G1-8008857,['13.5'],6,75 cl,Bottle,37453,2025-06-28
20188012108,01-01500,6,226,0,0,376.67,False,"2018 Solaia, Antinori, Tuscany, Italy",/products-20188012108-2018-solaia-antinori-tuscany-italy,Wines,Ready - youthful,Red,Italy,Tuscany,Toscano / Toscana,['Cabernet Sauvignon'],2018,Dry,Antinori,2018-06-00750-00-8012108,['15'],6,75 cl,Bottle,37449,2025-06-28
20188012108,01-03000,1,530,0,0,753.33,False,"2018 Solaia, Antinori, Tuscany, Italy",/products-20188012108-2018-solaia-antinori-tuscany-italy,Wines,Ready - youthful,Red,Italy,Tuscany,Toscano / Toscana,['Cabernet Sauvignon'],2018,Dry,Antinori,2018-06-00750-00-8012108,['15'],6,75 cl,Bottle,37449,2025-06-28
20188012108,03-00750,106,435,700,0,565.0,False,"2018 Solaia, Antinori, Tuscany, Italy",/products-20188012108-2018-solaia-antinori-tuscany-italy,Wines,Ready - youthful,Red,Italy,Tuscany,Toscano / Toscana,['Cabernet Sauvignon'],2018,Dry,Antinori,2018-06-00750-00-8012108,['15'],6,75 cl,Bottle,37449,2025-06-28
20188012108,06-00750,25,1080,1400,0,1130.0,False,"2018 Solaia, Antinori, Tuscany, Italy",/products-20188012108-2018-solaia-antinori-tuscany-italy,Wines,Ready - youthful,Red,Italy,Tuscany,Toscano / Toscana,['Cabernet Sauvignon'],2018,Dry,Antinori,2018-06-00750-00-8012108,['15'],6,75 cl,Bottle,37449,2025-06-28
20188215945,06-00750,1,0,300,0,320.0,False,"2018 Riesling, Forster Pechstein, Gosses Gewächs, Reichsrat von Buhl, Pfalz, Germany",/products-20188215945-2018-riesling-forster-pechstein-gosses-gewachs-reichsrat-von-buhl-pfalz-germany,Wines,Ready - youthful,White,Germany,Pfalz,Mittelhaardt,['Riesling'],2018,Dry,Reichsrat von Buhl,2018-06-00750-G1-8215945,['12.5'],6,75 cl,Bottle,37443,2025-06-28
20198003256,01-03000,8,122,0,0,148.67,False,"2019 Château Grand-Puy-Lacoste, Pauillac, Bordeaux",/products-20198003256-2019-chateau-grand-puy-lacoste-pauillac-bordeaux,Wines,Ready - youthful,Red,France,Bordeaux,Médoc,"['Merlot', 'Cabernet Sauvignon']",2019,Dry,Château Grand-Puy-Lacoste,2019-06-00750-00-8003256,['14.5'],6,75 cl,Bottle,37465,2025-06-28
20198003256,01-06000,6,245,0,0,297.33,False,"2019 Château Grand-Puy-Lacoste, Pauillac, Bordeaux",/products-20198003256-2019-chateau-grand-puy-lacoste-pauillac-bordeaux,Wines,Ready - youthful,Red,France,Bordeaux,Médoc,"['Merlot', 'Cabernet Sauvignon']",2019,Dry,Château Grand-Puy-Lacoste,2019-06-00750-00-8003256,['14.5'],6,75 cl,Bottle,37465,2025-06-28
20198003256,03-00750,1,79,0,220,111.5,False,"2019 Château Grand-Puy-Lacoste, Pauillac, Bordeaux",/products-20198003256-2019-chateau-grand-puy-lacoste-pauillac-bordeaux,Wines,Ready - youthful,Red,France,Bordeaux,Médoc,"['Merlot', 'Cabernet Sauvignon']",2019,Dry,Château Grand-Puy-Lacoste,2019-06-00750-00-8003256,['14.5'],6,75 cl,Bottle,37465,2025-06-28
20198003256,03-01500,78,177,315,200,223.0,False,"2019 Château Grand-Puy-Lacoste, Pauillac, Bordeaux",/products-20198003256-2019-chateau-grand-puy-lacoste-pauillac-bordeaux,Wines,Ready - youthful,Red,France,Bordeaux,Médoc,"['Merlot', 'Cabernet Sauvignon']",2019,Dry,Château Grand-Puy-Lacoste,2019-06-00750-00-8003256,['14.5'],6,75 cl,Bottle,37465,2025-06-28
20198003256,06-00750,684,225,235,225,223.0,False,"2019 Château Grand-Puy-Lacoste, Pauillac, Bordeaux",/products-20198003256-2019-chateau-grand-puy-lacoste-pauillac-bordeaux,Wines,Ready - youthful,Red,France,Bordeaux,Médoc,"['Merlot', 'Cabernet Sauvignon']",2019,Dry,Château Grand-Puy-Lacoste,2019-06-00750-00-8003256,['14.5'],6,75 cl,Bottle,37465,2025-06-28
20198003256,06-01500,1,365,0,0,446.0,False,"2019 Château Grand-Puy-Lacoste, Pauillac, Bordeaux",/products-20198003256-2019-chateau-grand-puy-lacoste-pauillac-bordeaux,Wines,Ready - youthful,Red,France,Bordeaux,Médoc,"['Merlot', 'Cabernet Sauvignon']",2019,Dry,Château Grand-Puy-Lacoste,2019-06-00750-00-8003256,['14.5'],6,75 cl,Bottle,37465,2025-06-28
20198003256,12-00375,22,225,0,0,223.0,False,"2019 Château Grand-Puy-Lacoste, Pauillac, Bordeaux",/products-20198003256-2019-chateau-grand-puy-lacoste-pauillac-bordeaux,Wines,Ready - youthful,Red,France,Bordeaux,Médoc,"['Merlot', 'Cabernet Sauvignon']",2019,Dry,Château Grand-Puy-Lacoste,2019-06-00750-00-8003256,['14.5'],6,75 cl,Bottle,37465,2025-06-28
20198003256,12-00750,14,435,550,0,446.0,False,"2019 Château Grand-Puy-Lacoste, Pauillac, Bordeaux",/products-20198003256-2019-chateau-grand-puy-lacoste-pauillac-bordeaux,Wines,Ready - youthful,Red,France,Bordeaux,Médoc,"['Merlot', 'Cabernet Sauvignon']",2019,Dry,Château Grand-Puy-Lacoste,2019-06-00750-00-8003256,['14.5'],6,75 cl,Bottle,37465,2025-06-28
20198162005,06-00750,1,0,900,0,991.5,False,"2019 Cervantes, Cabernet Sauvignon, Napa Valley, California, USA",/products-20198162005-2019-cervantes-cabernet-sauvignon-napa-valley-california-usa,Wines,Ready - youthful,Red,USA,California,North Coast,['Cabernet Sauvignon'],2019,Dry,Cervantes Family Vineyards,2019-06-00750-G1-8162005,['14.8'],6,75 cl,Bottle,37436,2025-06-28
20198041887,12-00750,1,0,5200,0,5220.0,False,"2019 Ruchottes-Chambertin, Grand Cru, Phillipe Pacalet, Burgundy",/products-20198041887-2019-ruchottes-chambertin-grand-cru-phillipe-pacalet-burgundy,Wines,Ready - youthful,Red,France,Burgundy,Côte de Nuits,['Pinot Noir'],2019,Dry,Philippe Pacalet,2019-12-00750-G1-8041887,['13.5'],12,75 cl,Bottle,37460,2025-06-28
20208012108,01-01500,8,256,0,0,406.67,False,"2020 Solaia, Antinori, Tuscany, Italy",/products-20208012108-2020-solaia-antinori-tuscany-italy,Wines,Not ready,Red,Italy,Tuscany,Toscano / Toscana,"['Cabernet Franc', 'Cabernet Sauvignon', 'Sangiovese']",2020,Dry,Antinori,2020-03-00750-00-8012108,['14.5'],3,75 cl,Bottle,37450,2025-06-28
20208012108,01-03000,1,515,0,0,813.33,False,"2020 Solaia, Antinori, Tuscany, Italy",/products-20208012108-2020-solaia-antinori-tuscany-italy,Wines,Not ready,Red,Italy,Tuscany,Toscano / Toscana,"['Cabernet Franc', 'Cabernet Sauvignon', 'Sangiovese']",2020,Dry,Antinori,2020-03-00750-00-8012108,['14.5'],3,75 cl,Bottle,37450,2025-06-28
20208012108,03-00750,137,550,950,0,610.0,False,"2020 Solaia, Antinori, Tuscany, Italy",/products-20208012108-2020-solaia-antinori-tuscany-italy,Wines,Not ready,Red,Italy,Tuscany,Toscano / Toscana,"['Cabernet Franc', 'Cabernet Sauvignon', 'Sangiovese']",2020,Dry,Antinori,2020-03-00750-00-8012108,['14.5'],3,75 cl,Bottle,37450,2025-06-28
20208156503,01-01500,1,0,125,0,0.0,False,"2020 Barbaresco, Montaribaldi, Nada Fiorenzo, Piedmont, Italy",/products-20208156503-2020-barbaresco-montaribaldi-nada-fiorenzo-piedmont-italy,Wines,Ready - youthful,Red,Italy,Piedmont,Barbaresco,['Nebbiolo'],2020,Dry,Nada Fiorenzo,2020-01-01500-G1-8156503,['14.5'],1,150 cl,Magnum,37469,2025-06-28
20201176421,06-00750,58,0,165,155,175.0,False,"2020 Châteauneuf-du-Pape Blanc, Domaine des Saumades, Rhône",/products-20201176421-2020-chateauneuf-du-pape-blanc-domaine-des-saumades-rhone,Wines,Ready - youthful,White,France,Rhône ,Southern Rhône,,2020,Dry,Domaine Des Saumades,2020-06-00750-00-1176421,['13.5'],6,75 cl,Bottle,37467,2025-06-28
20208110152,06-00750,3,0,320,0,284.0,False,"2020 Barbaresco, Fausoni, Sottimano, Piedmont, Italy",/products-20208110152-2020-barbaresco-fausoni-sottimano-piedmont-italy,Wines,Ready - youthful,Red,Italy,Piedmont,Barbaresco,['Nebbiolo'],2020,Dry,Sottimano,2020-06-00750-G1-8110152,['14'],6,75 cl,Bottle,37468,2025-06-28
19968007922,01-01500,8,380,795,550,413.33,False,"1996 Château Léoville Las Cases, St Julien, Bordeaux",/products-19968007922-1996-chateau-leoville-las-cases-st-julien-bordeaux,Wines,Ready - at best,Red,France,Bordeaux,Médoc,"['Cabernet Franc', 'Cabernet Sauvignon', 'Merlot']",1996,Dry,Château Léoville Las Cases,1996-12-00750-06-8007922,['12.5'],12,75 cl,Bottle,37428,2025-06-28
19968007922,01-03000,2,605,0,0,826.67,False,"1996 Château Léoville Las Cases, St Julien, Bordeaux",/products-19968007922-1996-chateau-leoville-las-cases-st-julien-bordeaux,Wines,Ready - at best,Red,France,Bordeaux,Médoc,"['Cabernet Franc', 'Cabernet Sauvignon', 'Merlot']",1996,Dry,Château Léoville Las Cases,1996-12-00750-06-8007922,['12.5'],12,75 cl,Bottle,37428,2025-06-28
19968007922,01-05000,1,973,0,0,1377.78,False,"1996 Château Léoville Las Cases, St Julien, Bordeaux",/products-19968007922-1996-chateau-leoville-las-cases-st-julien-bordeaux,Wines,Ready - at best,Red,France,Bordeaux,Médoc,"['Cabernet Franc', 'Cabernet Sauvignon', 'Merlot']",1996,Dry,Château Léoville Las Cases,1996-12-00750-06-8007922,['12.5'],12,75 cl,Bottle,37428,2025-06-28
19968007922,01-06000,2,1167,0,0,1653.33,False,"1996 Château Léoville Las Cases, St Julien, Bordeaux",/products-19968007922-1996-chateau-leoville-las-cases-st-julien-bordeaux,Wines,Ready - at best,Red,France,Bordeaux,Médoc,"['Cabernet Franc', 'Cabernet Sauvignon', 'Merlot']",1996,Dry,Château Léoville Las Cases,1996-12-00750-06-8007922,['12.5'],12,75 cl,Bottle,37428,2025-06-28
19968007922,03-01500,3,1270,0,0,1240.0,False,"1996 Château Léoville Las Cases, St Julien, Bordeaux",/products-19968007922-1996-chateau-leoville-las-cases-st-julien-bordeaux,Wines,Ready - at best,Red,France,Bordeaux,Médoc,"['Cabernet Franc', 'Cabernet Sauvignon', 'Merlot']",1996,Dry,Château Léoville Las Cases,1996-12-00750-06-8007922,['12.5'],12,75 cl,Bottle,37428,2025-06-28
19968007922,06-00750,13,1140,0,0,1240.0,False,"1996 Château Léoville Las Cases, St Julien, Bordeaux",/products-19968007922-1996-chateau-leoville-las-cases-st-julien-bordeaux,Wines,Ready - at best,Red,France,Bordeaux,Médoc,"['Cabernet Franc', 'Cabernet Sauvignon', 'Merlot']",1996,Dry,Château Léoville Las Cases,1996-12-00750-06-8007922,['12.5'],12,75 cl,Bottle,37428,2025-06-28
19968007922,06-01500,6,2110,0,0,2480.0,False,"1996 Château Léoville Las Cases, St Julien, Bordeaux",/products-19968007922-1996-chateau-leoville-las-cases-st-julien-bordeaux,Wines,Ready - at best,Red,France,Bordeaux,Médoc,"['Cabernet Franc', 'Cabernet Sauvignon', 'Merlot']",1996,Dry,Château Léoville Las Cases,1996-12-00750-06-8007922,['12.5'],12,75 cl,Bottle,37428,2025-06-28
19968007922,12-00750,186,2435,2790,2500,2480.0,False,"1996 Château Léoville Las Cases, St Julien, Bordeaux",/products-19968007922-1996-chateau-leoville-las-cases-st-julien-bordeaux,Wines,Ready - at best,Red,France,Bordeaux,Médoc,"['Cabernet Franc', 'Cabernet Sauvignon', 'Merlot']",1996,Dry,Château Léoville Las Cases,1996-12-00750-06-8007922,['12.5'],12,75 cl,Bottle,37428,2025-06-28
20028103099,01-06750,1,3075,4950,0,0.0,False,"2002 Duclot Bordeaux 1er Cru Collection (Ausone/ChevalB/Haut- Brion/Latour/LMHB/LR/Margaux/MR/Pétrus), Nine-Bottle Assortment Case",/products-20028103099-2002-duclot-bordeaux-1er-cru-collection-ausone-chevalb-haut-brion-latour-lmhb-lr-margaux-mr-petrus-nine-bottle-assortment-case,Assortment Mixed Cases,,Red,France,Bordeaux,,,2002,Dry,Assortment Mixed Cases,2002-01-06750-G1-8103099,['13'],1,675 cl,Special,37429,2025-06-28
20068004817,01-03000,3,264,0,0,293.33,False,"2006 Château Lynch-Bages, Pauillac, Bordeaux",/products-20068004817-2006-chateau-lynch-bages-pauillac-bordeaux,Wines,Ready - at best,Red,France,Bordeaux,Médoc,"['Cabernet Franc', 'Cabernet Sauvignon', 'Merlot', 'Petit Verdot']",2006,Dry,Château Lynch-Bages,2006-12-00750-00-8004817,['13'],12,75 cl,Bottle,37424,2025-06-28
20068004817,01-06000,6,520,0,0,586.67,False,"2006 Château Lynch-Bages, Pauillac, Bordeaux",/products-20068004817-2006-chateau-lynch-bages-pauillac-bordeaux,Wines,Ready - at best,Red,France,Bordeaux,Médoc,"['Cabernet Franc', 'Cabernet Sauvignon', 'Merlot', 'Petit Verdot']",2006,Dry,Château Lynch-Bages,2006-12-00750-00-8004817,['13'],12,75 cl,Bottle,37424,2025-06-28
20068004817,01-15000,3,1237,0,0,1466.67,False,"2006 Château Lynch-Bages, Pauillac, Bordeaux",/products-20068004817-2006-chateau-lynch-bages-pauillac-bordeaux,Wines,Ready - at best,Red,France,Bordeaux,Médoc,"['Cabernet Franc', 'Cabernet Sauvignon', 'Merlot', 'Petit Verdot']",2006,Dry,Château Lynch-Bages,2006-12-00750-00-8004817,['13'],12,75 cl,Bottle,37424,2025-06-28
20068004817,03-03000,7,740,0,0,880.0,False,"2006 Château Lynch-Bages, Pauillac, Bordeaux",/products-20068004817-2006-chateau-lynch-bages-pauillac-bordeaux,Wines,Ready - at best,Red,France,Bordeaux,Médoc,"['Cabernet Franc', 'Cabernet Sauvignon', 'Merlot', 'Petit Verdot']",2006,Dry,Château Lynch-Bages,2006-12-00750-00-8004817,['13'],12,75 cl,Bottle,37424,2025-06-28
20068004817,06-00750,42,460,0,0,440.0,False,"2006 Château Lynch-Bages, Pauillac, Bordeaux",/products-20068004817-2006-chateau-lynch-bages-pauillac-bordeaux,Wines,Ready - at best,Red,France,Bordeaux,Médoc,"['Cabernet Franc', 'Cabernet Sauvignon', 'Merlot', 'Petit Verdot']",2006,Dry,Château Lynch-Bages,2006-12-00750-00-8004817,['13'],12,75 cl,Bottle,37424,2025-06-28
20068004817,06-01500,53,805,0,920,880.0,False,"2006 Château Lynch-Bages, Pauillac, Bordeaux",/products-20068004817-2006-chateau-lynch-bages-pauillac-bordeaux,Wines,Ready - at best,Red,France,Bordeaux,Médoc,"['Cabernet Franc', 'Cabernet Sauvignon', 'Merlot', 'Petit Verdot']",2006,Dry,Château Lynch-Bages,2006-12-00750-00-8004817,['13'],12,75 cl,Bottle,37424,2025-06-28
20068004817,12-00750,889,895,1100,1030,880.0,False,"2006 Château Lynch-Bages, Pauillac, Bordeaux",/products-20068004817-2006-chateau-lynch-bages-pauillac-bordeaux,Wines,Ready - at best,Red,France,Bordeaux,Médoc,"['Cabernet Franc', 'Cabernet Sauvignon', 'Merlot', 'Petit Verdot']",2006,Dry,Château Lynch-Bages,2006-12-00750-00-8004817,['13'],12,75 cl,Bottle,37424,2025-06-28
20068004817,24-00375,7,766,0,0,880.0,False,"2006 Château Lynch-Bages, Pauillac, Bordeaux",/products-20068004817-2006-chateau-lynch-bages-pauillac-bordeaux,Wines,Ready - at best,Red,France,Bordeaux,Médoc,"['Cabernet Franc', 'Cabernet Sauvignon', 'Merlot', 'Petit Verdot']",2006,Dry,Château Lynch-Bages,2006-12-00750-00-8004817,['13'],12,75 cl,Bottle,37424,2025-06-28
20088106755,06-00750,70,385,595,550,511.5,False,"2008 Champagne Pol Roger, Rosé, Brut",/products-20088106755-2008-champagne-pol-roger-rose-brut,Wines,Ready - mature,Rosé,France,Champagne,,,2008,Dry,Pol Roger,2008-06-00750-01-8106755,['12.5'],6,75 cl,Bottle,37435,2025-06-28
20118013437,06-00750,14,0,0,0,154.0,False,"2011 Château Doisy Daëne, Barsac, Bordeaux",/products-20118013437-2011-chateau-doisy-daene-barsac-bordeaux,Wines,Ready - mature,White,France,Bordeaux,Graves & Sauternes,,2011,Luscious,Château Doisy-Daëne,2011-24-00375-00-8013437,['13'],24,37.5 cl,Half Bottle,37410,2025-06-28
20118013437,12-00375,12,0,0,125,154.0,False,"2011 Château Doisy Daëne, Barsac, Bordeaux",/products-20118013437-2011-chateau-doisy-daene-barsac-bordeaux,Wines,Ready - mature,White,France,Bordeaux,Graves & Sauternes,,2011,Luscious,Château Doisy-Daëne,2011-24-00375-00-8013437,['13'],24,37.5 cl,Half Bottle,37410,2025-06-28
20118013437,12-00750,28,0,450,0,308.0,False,"2011 Château Doisy Daëne, Barsac, Bordeaux",/products-20118013437-2011-chateau-doisy-daene-barsac-bordeaux,Wines,Ready - mature,White,France,Bordeaux,Graves & Sauternes,,2011,Luscious,Château Doisy-Daëne,2011-24-00375-00-8013437,['13'],24,37.5 cl,Half Bottle,37410,2025-06-28
20118013437,24-00375,57,220,308,0,308.0,False,"2011 Château Doisy Daëne, Barsac, Bordeaux",/products-20118013437-2011-chateau-doisy-daene-barsac-bordeaux,Wines,Ready - mature,White,France,Bordeaux,Graves & Sauternes,,2011,Luscious,Château Doisy-Daëne,2011-24-00375-00-8013437,['13'],24,37.5 cl,Half Bottle,37410,2025-06-28
20118023852,06-00750,17,0,380,0,398.0,False,"2011 Corton, Le Clos du Roi, Grand Cru, Camille Giroud, Burgundy",/products-20118023852-2011-corton-le-clos-du-roi-grand-cru-camille-giroud-burgundy,Wines,Ready - mature,Red,France,Burgundy,Côte de Beaune,['Pinot Noir'],2011,Dry,Maison Camille Giroud,2011-06-00750-00-8023852,['13'],6,75 cl,Bottle,37411,2025-06-28
20118123204,06-00750,1,564,725,0,750.0,False,"2011 Château La Violette, Pomerol, Bordeaux",/products-20118123204-2011-chateau-la-violette-pomerol-bordeaux,Wines,Ready - mature,Red,France,Bordeaux,Libournais,,2011,Dry,Château Violette,2011-06-00750-00-8123204,['14'],6,75 cl,Bottle,37432,2025-06-28
20128008596,01-01500,55,257,445,0,360.0,False,"2012 Sassicaia, Tenuta San Guido, Bolgheri Sassicaia, Tuscany, Italy",/products-20128008596-2012-sassicaia-tenuta-san-guido-bolgheri-sassicaia-tuscany-italy,Wines,Ready - youthful,Red,Italy,Tuscany,Bolgheri Sassicaia,"['Cabernet Sauvignon', 'Cabernet Franc']",2012,Dry,Sassicaia,2012-06-00750-00-8008596,['13.5'],6,75 cl,Bottle,37412,2025-06-28
20128008596,01-03000,7,530,0,0,720.0,False,"2012 Sassicaia, Tenuta San Guido, Bolgheri Sassicaia, Tuscany, Italy",/products-20128008596-2012-sassicaia-tenuta-san-guido-bolgheri-sassicaia-tuscany-italy,Wines,Ready - youthful,Red,Italy,Tuscany,Bolgheri Sassicaia,"['Cabernet Sauvignon', 'Cabernet Franc']",2012,Dry,Sassicaia,2012-06-00750-00-8008596,['13.5'],6,75 cl,Bottle,37412,2025-06-28
20128008596,01-06000,1,1060,0,0,1440.0,False,"2012 Sassicaia, Tenuta San Guido, Bolgheri Sassicaia, Tuscany, Italy",/products-20128008596-2012-sassicaia-tenuta-san-guido-bolgheri-sassicaia-tuscany-italy,Wines,Ready - youthful,Red,Italy,Tuscany,Bolgheri Sassicaia,"['Cabernet Sauvignon', 'Cabernet Franc']",2012,Dry,Sassicaia,2012-06-00750-00-8008596,['13.5'],6,75 cl,Bottle,37412,2025-06-28
20128008596,03-01500,1,790,0,0,1080.0,False,"2012 Sassicaia, Tenuta San Guido, Bolgheri Sassicaia, Tuscany, Italy",/products-20128008596-2012-sassicaia-tenuta-san-guido-bolgheri-sassicaia-tuscany-italy,Wines,Ready - youthful,Red,Italy,Tuscany,Bolgheri Sassicaia,"['Cabernet Sauvignon', 'Cabernet Franc']",2012,Dry,Sassicaia,2012-06-00750-00-8008596,['13.5'],6,75 cl,Bottle,37412,2025-06-28
20128008596,06-00750,169,1050,1100,1050,1080.0,False,"2012 Sassicaia, Tenuta San Guido, Bolgheri Sassicaia, Tuscany, Italy",/products-20128008596-2012-sassicaia-tenuta-san-guido-bolgheri-sassicaia-tuscany-italy,Wines,Ready - youthful,Red,Italy,Tuscany,Bolgheri Sassicaia,"['Cabernet Sauvignon', 'Cabernet Franc']",2012,Dry,Sassicaia,2012-06-00750-00-8008596,['13.5'],6,75 cl,Bottle,37412,2025-06-28
20128008596,12-00375,2,800,0,0,1080.0,False,"2012 Sassicaia, Tenuta San Guido, Bolgheri Sassicaia, Tuscany, Italy",/products-20128008596-2012-sassicaia-tenuta-san-guido-bolgheri-sassicaia-tuscany-italy,Wines,Ready - youthful,Red,Italy,Tuscany,Bolgheri Sassicaia,"['Cabernet Sauvignon', 'Cabernet Franc']",2012,Dry,Sassicaia,2012-06-00750-00-8008596,['13.5'],6,75 cl,Bottle,37412,2025-06-28
20128008596,12-00750,7,1855,0,0,2160.0,False,"2012 Sassicaia, Tenuta San Guido, Bolgheri Sassicaia, Tuscany, Italy",/products-20128008596-2012-sassicaia-tenuta-san-guido-bolgheri-sassicaia-tuscany-italy,Wines,Ready - youthful,Red,Italy,Tuscany,Bolgheri Sassicaia,"['Cabernet Sauvignon', 'Cabernet Franc']",2012,Dry,Sassicaia,2012-06-00750-00-8008596,['13.5'],6,75 cl,Bottle,37412,2025-06-28
20138008596,01-01500,117,325,650,0,383.33,False,"2013 Sassicaia, Tenuta San Guido, Bolgheri Sassicaia, Tuscany, Italy",/products-20138008596-2013-sassicaia-tenuta-san-guido-bolgheri-sassicaia-tuscany-italy,Wines,Ready - youthful,Red,Italy,Tuscany,Bolgheri Sassicaia,"['Cabernet Franc', 'Cabernet Sauvignon']",2013,Dry,Sassicaia,2013-06-00750-00-8008596,['13.5'],6,75 cl,Bottle,37413,2025-06-28
20138008596,01-03000,3,537,0,0,766.67,False,"2013 Sassicaia, Tenuta San Guido, Bolgheri Sassicaia, Tuscany, Italy",/products-20138008596-2013-sassicaia-tenuta-san-guido-bolgheri-sassicaia-tuscany-italy,Wines,Ready - youthful,Red,Italy,Tuscany,Bolgheri Sassicaia,"['Cabernet Franc', 'Cabernet Sauvignon']",2013,Dry,Sassicaia,2013-06-00750-00-8008596,['13.5'],6,75 cl,Bottle,37413,2025-06-28
20138008596,01-06000,1,1074,0,0,1533.33,False,"2013 Sassicaia, Tenuta San Guido, Bolgheri Sassicaia, Tuscany, Italy",/products-20138008596-2013-sassicaia-tenuta-san-guido-bolgheri-sassicaia-tuscany-italy,Wines,Ready - youthful,Red,Italy,Tuscany,Bolgheri Sassicaia,"['Cabernet Franc', 'Cabernet Sauvignon']",2013,Dry,Sassicaia,2013-06-00750-00-8008596,['13.5'],6,75 cl,Bottle,37413,2025-06-28
20138008596,03-01500,8,978,0,0,1150.0,False,"2013 Sassicaia, Tenuta San Guido, Bolgheri Sassicaia, Tuscany, Italy",/products-20138008596-2013-sassicaia-tenuta-san-guido-bolgheri-sassicaia-tuscany-italy,Wines,Ready - youthful,Red,Italy,Tuscany,Bolgheri Sassicaia,"['Cabernet Franc', 'Cabernet Sauvignon']",2013,Dry,Sassicaia,2013-06-00750-00-8008596,['13.5'],6,75 cl,Bottle,37413,2025-06-28
20138008596,06-00750,474,1120,1160,1150,1150.0,False,"2013 Sassicaia, Tenuta San Guido, Bolgheri Sassicaia, Tuscany, Italy",/products-20138008596-2013-sassicaia-tenuta-san-guido-bolgheri-sassicaia-tuscany-italy,Wines,Ready - youthful,Red,Italy,Tuscany,Bolgheri Sassicaia,"['Cabernet Franc', 'Cabernet Sauvignon']",2013,Dry,Sassicaia,2013-06-00750-00-8008596,['13.5'],6,75 cl,Bottle,37413,2025-06-28
20138008596,12-00375,12,798,0,0,1150.0,False,"2013 Sassicaia, Tenuta San Guido, Bolgheri Sassicaia, Tuscany, Italy",/products-20138008596-2013-sassicaia-tenuta-san-guido-bolgheri-sassicaia-tuscany-italy,Wines,Ready - youthful,Red,Italy,Tuscany,Bolgheri Sassicaia,"['Cabernet Franc', 'Cabernet Sauvignon']",2013,Dry,Sassicaia,2013-06-00750-00-8008596,['13.5'],6,75 cl,Bottle,37413,2025-06-28
20138008596,12-00750,36,2090,2800,0,2300.0,False,"2013 Sassicaia, Tenuta San Guido, Bolgheri Sassicaia, Tuscany, Italy",/products-20138008596-2013-sassicaia-tenuta-san-guido-bolgheri-sassicaia-tuscany-italy,Wines,Ready - youthful,Red,Italy,Tuscany,Bolgheri Sassicaia,"['Cabernet Franc', 'Cabernet Sauvignon']",2013,Dry,Sassicaia,2013-06-00750-00-8008596,['13.5'],6,75 cl,Bottle,37413,2025-06-28
20148007922,01-01500,3,170,0,0,208.0,False,"2014 Château Léoville Las Cases, St Julien, Bordeaux",/products-20148007922-2014-chateau-leoville-las-cases-st-julien-bordeaux,Wines,Not ready,Red,France,Bordeaux,Médoc,"['Cabernet Franc', 'Merlot', 'Cabernet Sauvignon']",2014,Dry,Château Léoville Las Cases,2014-06-00750-G0-8007922,['13.5'],6,75 cl,Bottle,37425,2025-06-28
20148007922,01-03000,4,311,0,380,416.0,False,"2014 Château Léoville Las Cases, St Julien, Bordeaux",/products-20148007922-2014-chateau-leoville-las-cases-st-julien-bordeaux,Wines,Not ready,Red,France,Bordeaux,Médoc,"['Cabernet Franc', 'Merlot', 'Cabernet Sauvignon']",2014,Dry,Château Léoville Las Cases,2014-06-00750-G0-8007922,['13.5'],6,75 cl,Bottle,37425,2025-06-28
20148007922,01-06000,3,630,0,0,832.0,False,"2014 Château Léoville Las Cases, St Julien, Bordeaux",/products-20148007922-2014-chateau-leoville-las-cases-st-julien-bordeaux,Wines,Not ready,Red,France,Bordeaux,Médoc,"['Cabernet Franc', 'Merlot', 'Cabernet Sauvignon']",2014,Dry,Château Léoville Las Cases,2014-06-00750-G0-8007922,['13.5'],6,75 cl,Bottle,37425,2025-06-28
20148007922,03-01500,37,500,720,0,624.0,False,"2014 Château Léoville Las Cases, St Julien, Bordeaux",/products-20148007922-2014-chateau-leoville-las-cases-st-julien-bordeaux,Wines,Not ready,Red,France,Bordeaux,Médoc,"['Cabernet Franc', 'Merlot', 'Cabernet Sauvignon']",2014,Dry,Château Léoville Las Cases,2014-06-00750-G0-8007922,['13.5'],6,75 cl,Bottle,37425,2025-06-28
20148007922,03-03000,1,925,0,0,1248.0,False,"2014 Château Léoville Las Cases, St Julien, Bordeaux",/products-20148007922-2014-chateau-leoville-las-cases-st-julien-bordeaux,Wines,Not ready,Red,France,Bordeaux,Médoc,"['Cabernet Franc', 'Merlot', 'Cabernet Sauvignon']",2014,Dry,Château Léoville Las Cases,2014-06-00750-G0-8007922,['13.5'],6,75 cl,Bottle,37425,2025-06-28
20148007922,06-00750,397,610,680,625,624.0,False,"2014 Château Léoville Las Cases, St Julien, Bordeaux",/products-20148007922-2014-chateau-leoville-las-cases-st-julien-bordeaux,Wines,Not ready,Red,France,Bordeaux,Médoc,"['Cabernet Franc', 'Merlot', 'Cabernet Sauvignon']",2014,Dry,Château Léoville Las Cases,2014-06-00750-G0-8007922,['13.5'],6,75 cl,Bottle,37425,2025-06-28
20148007922,12-00375,9,555,0,0,624.0,False,"2014 Château Léoville Las Cases, St Julien, Bordeaux",/products-20148007922-2014-chateau-leoville-las-cases-st-julien-bordeaux,Wines,Not ready,Red,France,Bordeaux,Médoc,"['Cabernet Franc', 'Merlot', 'Cabernet Sauvignon']",2014,Dry,Château Léoville Las Cases,2014-06-00750-G0-8007922,['13.5'],6,75 cl,Bottle,37425,2025-06-28
20148007922,12-00750,6,1085,0,0,1248.0,False,"2014 Château Léoville Las Cases, St Julien, Bordeaux",/products-20148007922-2014-chateau-leoville-las-cases-st-julien-bordeaux,Wines,Not ready,Red,France,Bordeaux,Médoc,"['Cabernet Franc', 'Merlot', 'Cabernet Sauvignon']",2014,Dry,Château Léoville Las Cases,2014-06-00750-G0-8007922,['13.5'],6,75 cl,Bottle,37425,2025-06-28
20148102496,01-06000,84,3333,4200,3950,0.0,False,"2014 Duclot Bordeaux Collection, Eight-bottle Assortment Case",/products-20148102496-2014-duclot-bordeaux-collection-eight-bottle-assortment-case,Assortment Mixed Cases,,Red,France,Bordeaux,,,2014,Dry,Assortment Mixed Cases,2014-01-06000-00-8102496,['14.5'],1,600 cl,Special,37430,2025-06-28
20141016082,03-01500,3,650,0,0,680.0,False,"2014 Vieux Château Certan, Pomerol, Bordeaux",/products-20141016082-2014-vieux-chateau-certan-pomerol-bordeaux,Wines,Not ready,Red,France,Bordeaux,Libournais,"['Cabernet Sauvignon', 'Cabernet Franc', 'Merlot']",2014,Dry,Vieux Château Certan,2014-06-00750-01-1016082,['14'],6,75 cl,Bottle,37433,2025-06-28
20141016082,06-00750,129,635,690,0,680.0,False,"2014 Vieux Château Certan, Pomerol, Bordeaux",/products-20141016082-2014-vieux-chateau-certan-pomerol-bordeaux,Wines,Not ready,Red,France,Bordeaux,Libournais,"['Cabernet Sauvignon', 'Cabernet Franc', 'Merlot']",2014,Dry,Vieux Château Certan,2014-06-00750-01-1016082,['14'],6,75 cl,Bottle,37433,2025-06-28
20141016082,06-01500,1,1060,0,0,1360.0,False,"2014 Vieux Château Certan, Pomerol, Bordeaux",/products-20141016082-2014-vieux-chateau-certan-pomerol-bordeaux,Wines,Not ready,Red,France,Bordeaux,Libournais,"['Cabernet Sauvignon', 'Cabernet Franc', 'Merlot']",2014,Dry,Vieux Château Certan,2014-06-00750-01-1016082,['14'],6,75 cl,Bottle,37433,2025-06-28
20141016082,12-00750,21,1010,1550,0,1360.0,False,"2014 Vieux Château Certan, Pomerol, Bordeaux",/products-20141016082-2014-vieux-chateau-certan-pomerol-bordeaux,Wines,Not ready,Red,France,Bordeaux,Libournais,"['Cabernet Sauvignon', 'Cabernet Franc', 'Merlot']",2014,Dry,Vieux Château Certan,2014-06-00750-01-1016082,['14'],6,75 cl,Bottle,37433,2025-06-28
20148034030,06-00750,34,0,153,180,180.0,False,"2014 Résonance, Résonance Vineyard Pinot Noir, Yamhill-Carlton, Oregon, USA",/products-20148034030-2014-resonance-resonance-vineyard-pinot-noir-yamhill-carlton-oregon-usa,Wines,Ready - mature,Red,USA,Oregon,Willamette Valley,['Pinot Noir'],2014,Dry,Resonance Vineyard,2014-06-00750-00-8034030,['13.5'],6,75 cl,Bottle,37414,2025-06-28
20158006026,01-03000,2,393,0,0,550.0,False,"2015 Château la Conseillante, Pomerol, Bordeaux",/products-20158006026-2015-chateau-la-conseillante-pomerol-bordeaux,Wines,Not ready,Red,France,Bordeaux,Libournais,"['Cabernet Franc', 'Merlot']",2015,Dry,Château La Conseillante,2015-06-00750-00-8006026,['14.5'],6,75 cl,Bottle,37426,2025-06-28
20158006026,03-01500,2,583,0,0,825.0,False,"2015 Château la Conseillante, Pomerol, Bordeaux",/products-20158006026-2015-chateau-la-conseillante-pomerol-bordeaux,Wines,Not ready,Red,France,Bordeaux,Libournais,"['Cabernet Franc', 'Merlot']",2015,Dry,Château La Conseillante,2015-06-00750-00-8006026,['14.5'],6,75 cl,Bottle,37426,2025-06-28
20158006026,06-00750,114,720,880,810,825.0,False,"2015 Château la Conseillante, Pomerol, Bordeaux",/products-20158006026-2015-chateau-la-conseillante-pomerol-bordeaux,Wines,Not ready,Red,France,Bordeaux,Libournais,"['Cabernet Franc', 'Merlot']",2015,Dry,Château La Conseillante,2015-06-00750-00-8006026,['14.5'],6,75 cl,Bottle,37426,2025-06-28
20168013987,03-01500,1,0,0,0,116.0,False,"2016 Crozes-Hermitage, Domaine de Thalabert, Paul Jaboulet Aîné, Rhône",/products-20168013987-2016-crozes-hermitage-domaine-de-thalabert-paul-jaboulet-aine-rhone,Wines,Ready - mature,Red,France,Rhône ,Northern Rhône,['Syrah'],2016,Dry,Jaboulet,2016-06-00750-00-8013987,['13'],6,75 cl,Bottle,37415,2025-06-28
20168013987,06-00750,318,86,109,100,116.0,False,"2016 Crozes-Hermitage, Domaine de Thalabert, Paul Jaboulet Aîné, Rhône",/products-20168013987-2016-crozes-hermitage-domaine-de-thalabert-paul-jaboulet-aine-rhone,Wines,Ready - mature,Red,France,Rhône ,Northern Rhône,['Syrah'],2016,Dry,Jaboulet,2016-06-00750-00-8013987,['13'],6,75 cl,Bottle,37415,2025-06-28
20171016082,01-03000,1,346,0,0,493.33,False,"2017 Vieux Château Certan, Pomerol, Bordeaux",/products-20171016082-2017-vieux-chateau-certan-pomerol-bordeaux,Wines,Not ready,Red,France,Bordeaux,Libournais,"['Cabernet Franc', 'Cabernet Sauvignon', 'Merlot']",2017,Dry,Vieux Château Certan,2017-06-00750-00-1016082,['14.5'],6,75 cl,Bottle,37434,2025-06-28
20171016082,03-00750,1,305,0,0,370.0,False,"2017 Vieux Château Certan, Pomerol, Bordeaux",/products-20171016082-2017-vieux-chateau-certan-pomerol-bordeaux,Wines,Not ready,Red,France,Bordeaux,Libournais,"['Cabernet Franc', 'Cabernet Sauvignon', 'Merlot']",2017,Dry,Vieux Château Certan,2017-06-00750-00-1016082,['14.5'],6,75 cl,Bottle,37434,2025-06-28
20171016082,03-01500,3,575,0,0,740.0,False,"2017 Vieux Château Certan, Pomerol, Bordeaux",/products-20171016082-2017-vieux-chateau-certan-pomerol-bordeaux,Wines,Not ready,Red,France,Bordeaux,Libournais,"['Cabernet Franc', 'Cabernet Sauvignon', 'Merlot']",2017,Dry,Vieux Château Certan,2017-06-00750-00-1016082,['14.5'],6,75 cl,Bottle,37434,2025-06-28
20171016082,06-00750,150,605,900,0,740.0,False,"2017 Vieux Château Certan, Pomerol, Bordeaux",/products-20171016082-2017-vieux-chateau-certan-pomerol-bordeaux,Wines,Not ready,Red,France,Bordeaux,Libournais,"['Cabernet Franc', 'Cabernet Sauvignon', 'Merlot']",2017,Dry,Vieux Château Certan,2017-06-00750-00-1016082,['14.5'],6,75 cl,Bottle,37434,2025-06-28
20171016082,12-00750,1,1160,1840,0,1480.0,False,"2017 Vieux Château Certan, Pomerol, Bordeaux",/products-20171016082-2017-vieux-chateau-certan-pomerol-bordeaux,Wines,Not ready,Red,France,Bordeaux,Libournais,"['Cabernet Franc', 'Cabernet Sauvignon', 'Merlot']",2017,Dry,Vieux Château Certan,2017-06-00750-00-1016082,['14.5'],6,75 cl,Bottle,37434,2025-06-28
20188007922,01-03000,15,451,999,0,600.0,False,"2018 Château Léoville Las Cases, St Julien, Bordeaux",/products-20188007922-2018-chateau-leoville-las-cases-st-julien-bordeaux,Wines,Not ready,Red,France,Bordeaux,Médoc,"['Cabernet Sauvignon', 'Merlot', 'Cabernet Franc']",2018,Dry,Château Léoville Las Cases,2018-06-00750-G1-8007922,['14.5'],6,75 cl,Bottle,37427,2025-06-28
20188007922,01-06000,3,882,0,0,1200.0,False,"2018 Château Léoville Las Cases, St Julien, Bordeaux",/products-20188007922-2018-chateau-leoville-las-cases-st-julien-bordeaux,Wines,Not ready,Red,France,Bordeaux,Médoc,"['Cabernet Sauvignon', 'Merlot', 'Cabernet Franc']",2018,Dry,Château Léoville Las Cases,2018-06-00750-G1-8007922,['14.5'],6,75 cl,Bottle,37427,2025-06-28
20188007922,03-01500,42,693,0,0,900.0,False,"2018 Château Léoville Las Cases, St Julien, Bordeaux",/products-20188007922-2018-chateau-leoville-las-cases-st-julien-bordeaux,Wines,Not ready,Red,France,Bordeaux,Médoc,"['Cabernet Sauvignon', 'Merlot', 'Cabernet Franc']",2018,Dry,Château Léoville Las Cases,2018-06-00750-G1-8007922,['14.5'],6,75 cl,Bottle,37427,2025-06-28
20188007922,06-00750,566,800,970,900,900.0,False,"2018 Château Léoville Las Cases, St Julien, Bordeaux",/products-20188007922-2018-chateau-leoville-las-cases-st-julien-bordeaux,Wines,Not ready,Red,France,Bordeaux,Médoc,"['Cabernet Sauvignon', 'Merlot', 'Cabernet Franc']",2018,Dry,Château Léoville Las Cases,2018-06-00750-G1-8007922,['14.5'],6,75 cl,Bottle,37427,2025-06-28
20188007922,06-01500,1,1345,0,0,1800.0,False,"2018 Château Léoville Las Cases, St Julien, Bordeaux",/products-20188007922-2018-chateau-leoville-las-cases-st-julien-bordeaux,Wines,Not ready,Red,France,Bordeaux,Médoc,"['Cabernet Sauvignon', 'Merlot', 'Cabernet Franc']",2018,Dry,Château Léoville Las Cases,2018-06-00750-G1-8007922,['14.5'],6,75 cl,Bottle,37427,2025-06-28
20188007922,12-00375,4,900,1146,0,900.0,False,"2018 Château Léoville Las Cases, St Julien, Bordeaux",/products-20188007922-2018-chateau-leoville-las-cases-st-julien-bordeaux,Wines,Not ready,Red,France,Bordeaux,Médoc,"['Cabernet Sauvignon', 'Merlot', 'Cabernet Franc']",2018,Dry,Château Léoville Las Cases,2018-06-00750-G1-8007922,['14.5'],6,75 cl,Bottle,37427,2025-06-28
20188007922,12-00750,2,1323,0,0,1800.0,False,"2018 Château Léoville Las Cases, St Julien, Bordeaux",/products-20188007922-2018-chateau-leoville-las-cases-st-julien-bordeaux,Wines,Not ready,Red,France,Bordeaux,Médoc,"['Cabernet Sauvignon', 'Merlot', 'Cabernet Franc']",2018,Dry,Château Léoville Las Cases,2018-06-00750-G1-8007922,['14.5'],6,75 cl,Bottle,37427,2025-06-28
20208014519,06-00750,58,0,155,145,159.0,False,"2020 Mâcon-la Roche Vineuse, Les Cras, Olivier Merlin, Burgundy",/products-20208014519-2020-macon-la-roche-vineuse-les-cras-olivier-merlin-burgundy,Wines,Ready - at best,White,France,Burgundy,Mâconnais,['Chardonnay'],2020,Dry,Olivier Merlin,2020-06-00750-00-8014519,['14'],6,75 cl,Bottle,37423,2025-06-28
20218008264,06-00750,93,0,175,0,185.0,False,"2021 Felton Road, Bannockburn Pinot Noir, Central Otago, New Zealand",/products-20218008264-2021-felton-road-bannockburn-pinot-noir-central-otago-new-zealand,Wines,Ready - youthful,Red,New Zealand,Central Otago,Bannockburn,['Pinot Noir'],2021,Dry,Felton Road,2021-06-00750-00-8008264,['14'],6,75 cl,Bottle,37431,2025-06-28
20231263444,06-00750,48,85,180,93,99.0,False,"2023 Louro do Bolo, Rafael Palacios, Valdeorras, Spain",/products-20231263444-2023-louro-do-bolo-rafael-palacios-valdeorras-spain,Wines,Not ready,White,Spain,Galicia,Valdeorras,['Godello'],2023,Dry,Rafael Palacios,2023-06-00750-00-1263444,['14'],6,75 cl,Bottle,37420,2025-06-28
20238007557,06-00750,94,0,160,0,116.5,False,"2023 Chablis, Samuel Billaud, Burgundy",/products-20238007557-2023-chablis-samuel-billaud-burgundy,Wines,Ready - youthful,White,France,Burgundy,Chablis,['Chardonnay'],2023,Dry,Samuel Billaud,2023-06-00750-00-8007557,['12.5'],6,75 cl,Bottle,37419,2025-06-28
20238019253,06-00750,41,0,225,0,144.0,False,"2023 Bourgogne Côte d'Or Blanc, Cuvée Oligocene, Patrick Javillier",/products-20238019253-2023-bourgogne-cote-d-or-blanc-cuvee-oligocene-patrick-javillier,Wines,Ready - youthful,White,France,Burgundy,Bourgogne,['Chardonnay'],2023,Dry,Domaine Patrick Javillier,2023-06-00750-00-8019253,['13'],6,75 cl,Bottle,37418,2025-06-28
20238300922,06-00750,72,0,210,180,165.0,False,"2023 Damascene, Syrah, Stellenbosch, South Africa",/products-20238300922-2023-damascene-syrah-stellenbosch-south-africa,Wines,Not ready,Red,South Africa,Coastal Region,Stellenbosch,['Syrah'],2023,Dry,Damascene Vineyards,2023-06-00750-00-8300922,['13'],6,75 cl,Bottle,37417,2025-06-28
20238311302,06-00750,7,96,180,0,129.0,False,"2023 Moya Meaker, Pinot Noir, Elgin, South Africa",/products-20238311302-2023-moya-meaker-pinot-noir-elgin-south-africa,Wines,Ready - youthful,Red,South Africa,Cape South Coast,Elgin,['Pinot Noir'],2023,Dry,Moya Meaker,2023-06-00750-00-8311302,['13.5'],6,75 cl,Bottle,37416,2025-06-28
20128011576,03-01500,2,238,368,0,332.0,False,"2012 Pommard, Les Rugiens, 1er Cru, Domaine Faiveley, Burgundy",/products-20128011576-2012-pommard-les-rugiens-1er-cru-domaine-faiveley-burgundy,Wines,Ready - at best,Red,France,Burgundy,Côte de Beaune,['Pinot Noir'],2012,Dry,Domaine Joseph Faiveley,2012-06-00750-00-8011576,['13.5'],6,75 cl,Bottle,37408,2025-06-28
20128011576,06-00750,11,238,335,0,332.0,False,"2012 Pommard, Les Rugiens, 1er Cru, Domaine Faiveley, Burgundy",/products-20128011576-2012-pommard-les-rugiens-1er-cru-domaine-faiveley-burgundy,Wines,Ready - at best,Red,France,Burgundy,Côte de Beaune,['Pinot Noir'],2012,Dry,Domaine Joseph Faiveley,2012-06-00750-00-8011576,['13.5'],6,75 cl,Bottle,37408,2025-06-28
20151099256,01-01500,38,0,220,0,166.67,False,"2015 Flaccianello della Pieve, Tenuta Fontodi, Tuscany, Italy",/products-20151099256-2015-flaccianello-della-pieve-tenuta-fontodi-tuscany-italy,Wines,Ready - youthful,Red,Italy,Tuscany,Colli della Toscana Centrale,['Sangiovese'],2015,Dry,Fontodi,2015-06-00750-00-1099256,['15'],6,75 cl,Bottle,37400,2025-06-28
20151099256,01-03000,9,0,0,0,333.33,False,"2015 Flaccianello della Pieve, Tenuta Fontodi, Tuscany, Italy",/products-20151099256-2015-flaccianello-della-pieve-tenuta-fontodi-tuscany-italy,Wines,Ready - youthful,Red,Italy,Tuscany,Colli della Toscana Centrale,['Sangiovese'],2015,Dry,Fontodi,2015-06-00750-00-1099256,['15'],6,75 cl,Bottle,37400,2025-06-28
20151099256,06-00750,200,450,520,520,500.0,False,"2015 Flaccianello della Pieve, Tenuta Fontodi, Tuscany, Italy",/products-20151099256-2015-flaccianello-della-pieve-tenuta-fontodi-tuscany-italy,Wines,Ready - youthful,Red,Italy,Tuscany,Colli della Toscana Centrale,['Sangiovese'],2015,Dry,Fontodi,2015-06-00750-00-1099256,['15'],6,75 cl,Bottle,37400,2025-06-28
20151099256,06-01500,8,770,0,1050,1000.0,False,"2015 Flaccianello della Pieve, Tenuta Fontodi, Tuscany, Italy",/products-20151099256-2015-flaccianello-della-pieve-tenuta-fontodi-tuscany-italy,Wines,Ready - youthful,Red,Italy,Tuscany,Colli della Toscana Centrale,['Sangiovese'],2015,Dry,Fontodi,2015-06-00750-00-1099256,['15'],6,75 cl,Bottle,37400,2025-06-28
20208022624,01-01500,12,700,1150,0,1000.0,False,"2020 Richebourg, Grand Cru, Domaine Thibault Liger-Belair, Burgundy",/products-20208022624-2020-richebourg-grand-cru-domaine-thibault-liger-belair-burgundy,Wines,Not ready,Red,France,Burgundy,Côte de Nuits,['Pinot Noir'],2020,Dry,Domaine Thibault Liger-Belair,2020-01-01500-G1-8022624,['14'],1,150 cl,Magnum,37404,2025-06-28
20208022624,03-00750,50,1250,1500,1495,1500.0,False,"2020 Richebourg, Grand Cru, Domaine Thibault Liger-Belair, Burgundy",/products-20208022624-2020-richebourg-grand-cru-domaine-thibault-liger-belair-burgundy,Wines,Not ready,Red,France,Burgundy,Côte de Nuits,['Pinot Noir'],2020,Dry,Domaine Thibault Liger-Belair,2020-01-01500-G1-8022624,['14'],1,150 cl,Magnum,37404,2025-06-28
20208025061,01-01500,58,525,680,0,750.0,False,"2020 Bâtard-Montrachet, Grand Cru, Benjamin Leroux, Burgundy",/products-20208025061-2020-batard-montrachet-grand-cru-benjamin-leroux-burgundy,Wines,Ready - youthful,White,France,Burgundy,Côte de Beaune,['Chardonnay'],2020,Dry,Benjamin Leroux,2020-01-01500-00-8025061,['13.5'],1,150 cl,Magnum,37409,2025-06-28
20238173456,06-00750,2,90,99,0,115.0,False,"2023 Alheit Vineyards, Hereafter Here, Chenin Blanc, Western Cape, South Africa",/products-20238173456-2023-alheit-vineyards-hereafter-here-chenin-blanc-western-cape-south-africa,Wines,Not ready,White,South Africa,Western Cape,,['Chenin Blanc'],2023,Dry,Alheit Vineyards,2023-06-00750-G1-8173456,['13'],6,75 cl,Bottle,37403,2025-06-28
